PB_PB|del)바닐라향아메리카노|700
PB_PB|HEYROO미네랄워터P500ml|600
PB_PB|HEYROO미네랄워터P1L|900
PB_PB|HEYROO프레첼&카라멜|1,200
PB_PB|HEYROO아이스께끼파인|500
PB_PB|HEYROO데일리스무디바나나|1,800
PB_PB|HEYROO데일리스무디메론|1,800
PB_PB|HEYROO흰우유1L|2,200
PB_PB|GET허쉬티라미수라떼30g|600
PB_PB|샌)페퍼로니치즈토스트|2,200
PB_PB|HEYROO치즈순삭|1,200
PB_PB|del)옛날미숫가루|1,200
PB_PB|del)빅아메리카노스위트|1,000
PB_PB|HEYROO칼라만시에이드P360ml|1,000
PB_PB|풀무원)자이언트쫄볶이|2,700
PB_PB|GET허쉬초코카페모카30g|600
PB_PB|del)아메리카노블랙|700
PB_PB|HEYROO김두부스낵|1,200
PB_PB|PB)1000콘딸기|1,000
PB_PB|HEYROO파르페플러리|2,500
PB_PB|HEYROO파르페마끼아또|2,000
PB_PB|HEYROO마시는한끼고구마|1,300
PB_PB|del)헤이즐넛향|700
PB_PB|HEYROO블루레몬에이드360ml|1,000
PB_PB|HEYROO시원한바지락칼국수|2,000
PB_PB|HEYROO치즈맛라면|1,200
PB_PB|HEYROO꼬불이마라탕면스낵|1,200
PB_PB|HEYROO빅요구르트450|1,800
PB_PB|HEYROO맛새우칩|1,200
PB_PB|HEYROO믹스커피P1L|2,900
PB_PB|PB)CU교통카드그린|4,000
PB_PB|HEYROO초코바나나콘|1,200
PB_PB|오뚜기)파스탕크림토마토|1,600
PB_PB|CU)오사카식튀김우동|1,700
PB_PB|HEYROO우유팥빙수|2,500
PB_PB|GET즉석바닐라라떼30g|500
PB_PB|HEYROO속초홍게라면|1,500
PB_PB|HEYROO팝꽃놀이|1,200
PB_PB|HEYROO신나는초코뉴짱|1,200
PB_PB|HEYROO매운까르보볶이|1,500
PB_PB|del)빅아메리카노블랙|1,000
PB_PB|HEYROO피치워터P500ml|1,300
PB_PB|HEYROO카라멜맛팝콘1200|1,200
PB_PB|del)유기농식혜|1,000
PB_PB|del)빅컵얼음230g|800
PB_PB|HEYROO카페라떼컵300ml|1,900
PB_PB|GET즉석ICED아메리카노(L)|1,500
PB_PB|HEYROO오란다스낵1200|1,200
PB_PB|HEYROO초코크런치스낵|1,200
PB_PB|HEYROO까망베르쿠키1200|1,200
PB_PB|백쿡)백종원고추장150g|4,300
PB_PB|HEYROO저지방흰우유300ml|1,100
PB_PB|del)빅헤이즐넛향|1,000
PB_PB|del)바닐라향라떼|1,200
PB_PB|HEYROO아메리카노P1L|2,500
PB_PB|HEYROO콩커피컵300ml|1,900
PB_PB|PB)가쓰오우동곱빼기|2,200
PB_PB|del)오렌지자몽에이드|700
PB_PB|HEYROO초코파이아이스녹차|1,500
PB_PB|HEYROO청사과탄산수P350ml|1,000
PB_PB|HEYROO청양고추라면|1,500
PB_PB|GET더치커피워터P330ml|2,000
PB_PB|HEYROO오렌지주스270ml|1,700
PB_PB|HEYROO블루베리270ml|1,900
PB_PB|HEYROO피규어옥수수우유|2,000
PB_PB|HEYROO마늘맛콘스낵1200|1,200
PB_PB|아임유어컵|3,900
PB_PB|HEYROO고구마스낵1200|1,200
PB_PB|del)카페라떼스위트|1,200
PB_PB|즉석빵)맘모스빵|2,500
PB_PB|HEYROO깔라X자몽톡시270ml|1,700
PB_PB|PB)CU팬티스타킹검정|2,500
PB_PB|GET밀크티P280ml|2,000
PB_PB|PB)청포도스파클링|1,200
PB_PB|HEYROO파르페초코|2,500
PB_PB|GET커피다크블렌드|25,000
PB_PB|HEYROO자몽270ml|1,700
PB_PB|HEYROO레몬탄산수|1,000
PB_PB|삼립)매콤갈릭면볶이|3,000
PB_PB|del)햇살수정과|1,000
PB_PB|HEYROO초코우유1L|2,400
PB_PB|HEYROO빅초코우유500ml|1,500
PB_PB|HEYROO파르페딸기|2,500
PB_PB|del)체리에이드|700
PB_PB|HEYROO계란북어국밥|3,500
PB_PB|튀김)닭다리|1,800
PB_PB|HEYROO리틀치즈큐브|1,200
PB_PB|HEYROO티라미수컵|2,500
PB_PB|del)복숭아아이스티|700
PB_PB|HEYROO진한초코칩쿠키|1,200
PB_PB|HEYROO소프트인절미스낵|1,500
PB_PB|HEYROO고소한치즈팝콘1200|1,200
PB_PB|PB)1000콘바닐라|1,000
PB_PB|HEYROO망고듬뿍빙수|3,000
PB_PB|HEYROO미네랄워터P2L|1,200
PB_PB|HEYROO빅바나나우유500ml|1,500
PB_PB|오뚜기)파스탕크림치즈|1,600
PB_PB|del)깔라만시에이드|700
PB_PB|HEYROO뻥이요스낵1200|1,200
PB_PB|del)블루레몬에이드|700
PB_PB|HEYROO콘초코플러스|1,200
PB_PB|HEYROO빅커피500ml|1,500
PB_PB|HEYROO콘치즈그라탕|3,700
PB_PB|HEYROO컵육개장|1,000
PB_PB|HEYROO빅딸기우유500ml|1,500
PB_PB|GET허쉬뉴티라미수30g|600
PB_PB|HEYROO마시는한끼미숫가루|1,300
PB_PB|HEYROO육개장국밥|3,800
PB_PB|PB)GET핸드드립원두커피|1,200
PB_PB|HEYROO마시는한끼시리얼|1,300
PB_PB|PB)BIG델라페봉지얼음|600
PB_PB|PB)CU팬티스타킹살구 |2,500
PB_PB|GET아메리카노원컵|1,100
PB_PB|HEYROO마시는한끼옥수수|1,300
PB_PB|del)빅복숭아아이스티|1,000
PB_PB|del)빅아메리카노스위트|1,000
PB_PB|HEYROO콘소메맛팝콘1200|1,200
PB_PB|HEYROO빅요구르트270ml|1,200
PB_PB|HEYROO아이스께끼오렌지|500
PB_PB|HEYROO카페모카컵300ml|1,900
PB_PB|PB)레몬탄산에이드P350|1,200
PB_PB|HEYROO제주감귤P200ml|2,300
PB_PB|CU각티슈280P|1,800
PB_PB|HEYROO우유쿠키빙수|2,500
PB_PB|HEYROO크래미아샐러드|2,700
PB_PB|HEYROO간장치킨맛팝콘1200|1,200
PB_PB|HEYROO청송사과주스270ml|1,700
PB_PB|HEYROO신나는뉴짱1200|1,200
PB_PB|del)청포도에이드|700
PB_PB|HEYROO베이컨감자샐러드|2,700
PB_PB|HEYROO사골떡국|3,200
PB_PB|HEYROO오렌지500ml|2,800
PB_PB|del)아메리카노스위트|700
PB_PB|HEYROO3겹롤티슈24입|12,900
PB_PB|깨끗한)물티슈10매|800
PB_PB|HEYROO파르페인절미|2,000
PB_PB|HEYROO빅메론우유500ml|1,500
PB_PB|PB)건강한하루케일파인|1,950
PB_PB|PB)CU교통카드뽀로로|3,000
PB_PB|푸드)피자빵빵|1,500
PB_PB|delaffe망고에이드|600
PB_PB|GET카페라떼캔275ml|1,900
PB_PB|HEYROO생생바지락칼국수|3,000
PB_PB|GET즉석ICED카페라떼시럽|700
PB_PB|HEYROO달콤한대롱과자1200|1,200
PB_PB|HEYROO)타포린쇼핑백특대|4,500
PB_PB|CU물티슈10P|800
PB_PB|del)유기농사과에이드|1,000
PB_PB|신서유기초코우유|1,800
PB_PB|HEYROO자몽500ml|2,800
PB_PB|HEYROO각티슈280매3입|5,400
PB_PB|PB)CU교통카드그린|4,000
PB_PB|HEYROO컵미역국|1,000
PB_PB|HEYROO황태미역국밥|3,500
PB_PB|HEYROO왕소라과자1200|1,200
PB_PB|del)빅복숭아아이스티|1,000
PB_PB|HEYROO더블쭈쭈바초코|600
PB_PB|유자꿀물병|1,000
PB_PB|HEYROO꼬불이라면스낵1200|1,200
PB_PB|del)카페라떼스위트|1,200
PB_PB|HEYROO알폰소망고주스|1,700
PB_PB|HEYROO달콤한인절미아이스|2,000
PB_PB|HEYROO커피1L|2,400
PB_PB|백쿡)백종원비빔간장140g|4,300
PB_PB|HEYROO청도홍시P200ml|2,300
PB_PB|PB)민트탄산수P350|1,000
PB_PB|GET즉석ICED카페라떼|1,800
PB_PB|HEYROO초코파이아이스샌드|1,500
PB_PB|PB)CU콜라P350ml|1,200
PB_PB|HEYROO베리베리컵|2,000
PB_PB|GET미니스틱원두커피10T|2,000
PB_PB|GET카페라떼P280ml|2,000
PB_PB|HEYROO피규어고구마우유|2,000
PB_PB|HEYROO쌀떡볶이1200|1,200
PB_PB|HEYROO자두비트210ml|2,000
PB_PB|HEYROO체다치즈나쵸칩|1,500
PB_PB|HEYROO컵두부된장국|1,000
PB_PB|GET허쉬마시멜로라떼30g|600
PB_PB|HEYROO듬뿍어묵우동|2,900
PB_PB|HEYROO계란과자1200|1,200
PB_PB|신서유기바나나우유|1,800
PB_PB|HEYROO한여름솔티드워터P500ml|1,500
PB_PB|HEYROO소불고기덮밥|3,900
PB_PB|HEYROO콘칩군옥수수맛170g|2,000
PB_PB|GET스틱원두커피(원컵)|1,000
PB_PB|HEYROO코코밀키자망250ml|1,800
PB_PB|HEYROO애플워터P500ml|1,300
PB_PB|HEYROO매콤불고기브리또|2,800
PB_PB|PB)CU흰우유500ml|1,500
PB_PB|대영)졸음뚝용기껌|5,000
PB_PB|신서유기딸기코코넛우유|1,800
PB_PB|HEYROO)종이쇼핑백(중)|1,800
PB_PB|HEYROO초코콘75g|1,200
PB_PB|HEYROO휴대용티슈60매|700
PB_PB|PB)CU팬티스타킹커피|2,500
PB_PB|HEYROO피규어수박우유|1,700
PB_PB|GET타로티P280ml|2,000
PB_PB|GET헤이즐넛향원컵|1,100
PB_PB|PB)건강한하루당근사과 |1,950
PB_PB|HEYROO피규어베리믹스우유|1,700
PB_PB|HEYROO빅드링킹요구망고|1,600
PB_PB|HEYROO코코밀키딸바250ml|1,800
PB_PB|헤이루)부직포쇼핑백(중)|3,000
PB_diff|[제주전용]도)제주오늘의도시락|4,000
PB_diff|햄)3XL치킨버거|3,700
PB_diff|도)불닭만두밥|3,200
PB_diff|도)오늘의도시락|4,000
PB_diff|도)데리야끼닭꼬치|3,500
PB_diff|도)수원식왕갈비치킨|3,500
PB_diff|도)백종원12찬한판도시락|4,000
PB_diff|샌)대만식스키피땅콩샌드|2,200
PB_diff|면)쉬림프로제파스타|3,900
PB_diff|도)2500소고기규동덮밥|2,500
PB_diff|김)초밥트리오(랍스터)|3,300
PB_diff|샌)스파이시클럽샌드|2,000
PB_diff|피오레)쇼콜라오믈렛|2,500
PB_diff|상하)치즈케익레드벨벳|3,900
PB_diff|샌)코난홍장미샌드위치|2,000
PB_diff|도)백종원한입돈까스|4,900
PB_diff|주)백종원고깃집볶음밥|1,200
PB_diff|튀김)순살치킨꼬치매콤|1,500
PB_diff|도)치킨트리오|4,200
PB_diff|대만대왕젤리애플망고|2,800
PB_diff|샐)퀴노아바질샐러드|3,500
PB_diff|참조은)모찌모찌플레인|3,300
PB_diff|샌)코난안기준샌드위치|2,000
PB_diff|도)기력충전!정식|4,700
PB_diff|샌)ABC샌드위치|3,000
PB_diff|샌)타마고산도|3,000
PB_diff|샌)베트남식반미샌드|3,000
PB_diff|주)명탐정코난주먹밥|2,000
PB_diff|롯데)칸쵸미니케익|3,200
PB_diff|튀김)핫도그|1,000
PB_diff|돌)스위티오바나나바|2,000
PB_diff|주)매콤순살치킨빅밥바|2,000
PB_diff|샐)아임닭단백질샐러드|3,800
PB_diff|삼립)끼리크림치즈수플레|3,500
PB_diff|샌)뉴4단점보|1,800
PB_diff|도)이거야미트볼|3,900
PB_diff|먼지몬지)황사마스크10매|19,900
PB_diff|샌)대만식귤카야잼샌드|2,200
PB_diff|도)안주야곱창&순대|4,000
PB_diff|샌)계란듬뿍샌드위치(제주)|2,000
PB_diff|도)#큐브목살스테이크|5,000
PB_diff|샌)케이준치킨샐러드(뉴)|2,000
PB_diff|도)3500원떡볶이|3,500
PB_diff|도)불닭강정|3,500
PB_diff|시아스)뚝배기닭개장국밥|3,900
PB_diff|면)베이컨크림스파겥티|3,500
PB_diff|미찌)곰표팝콘오리지널맛|1,700
PB_diff|밀크티에 초코를 넣어봄|2,000
PB_diff|주)백종원우삼겹삼각김밥|1,000
PB_diff|퓨다)만한대찬왕컵|4,800
PB_diff|밀크티에 딸기를 넣어봄|2,000
PB_diff|도)백종원7찬매콤불고기|4,300
PB_diff|샌)에그치킨샌드위치|2,200
PB_diff|피오레)당근케이크|3,200
PB_diff|김)불닭김밥|2,300
PB_diff|푸드)삼겹살구이115g|4,900
PB_diff|도)고기듬뿍김치제육|3,800
PB_diff|삼립)스노우치즈케익|3,000
PB_diff|도)치즈만수르돈까스|5,000
PB_diff|썬푸드)오잉스틱|2,500
PB_diff|코우코우)마우스캔디|2,000
PB_diff|이번엔커피에녹차를넣어봄|2,000
PB_diff|코스)치킨볼닭강정맛|1,000
PB_diff|MDS)바로먹는곤약물냉면|3,200
PB_diff|샐)인도식치킨마크니|4,800
PB_diff|피오레)쿠앤크오믈렛|2,500
PB_diff|즉석)자이언트통다리|3,300
PB_diff|풀무원)자이언트떡볶이|2,200
PB_diff|주)불닭삼김|1,200
PB_diff|제니코)팡오쇼콜라|1,200
PB_diff|튀김)미니소시지떡꼬치|1,800
PB_diff|보승)미쓰족발|7,900
PB_diff|샐)케이준샐러드|3,500
PB_diff|샌)순삭토스트데리비프|2,500
PB_diff|유라가)생크림퐁듀모찌|2,200
PB_diff|도)돼지불백정식|4,500
PB_diff|도)모두다돼지|4,300
PB_diff|KBO)이글스패션후르츠P|1,800
PB_diff|해태)버터링콘|2,000
PB_diff|두산베어스딸기음료P|1,800
PB_diff|MDS)바로먹는곤약비빔냉면|3,200
PB_diff|도)오리&불고기정식|4,800
PB_diff|주)주먹왕!참치김볶|1,900
PB_diff|김)묵은지참치김밥|2,500
PB_diff|샐)갈비양념치킨샐러드|3,500
PB_diff|피오레)쿠키앤크림케익|3,000
PB_diff|햄)트러플머쉬룸버거|2,500
PB_diff|도)최애7찬|4,000
PB_diff|샐)스윗고구마샐러드|3,500
PB_diff|도)2500참치김치덮밥|2,500
PB_diff|튀김)치떡치떡꼬치|1,500
PB_diff|주)주먹왕!매콤전주|2,000
PB_diff|도)팔도진미정식(강원)|4,300
PB_diff|샌)뉴요크샌드위치|3,000
PB_diff|MDS)골뱅이무침|6,500
PB_diff|김)백종원고깃집김밥|2,500
PB_diff|샌)치킨포테이토샌드위치|2,300
PB_diff|샌)이건가요?샌드위치|2,200
PB_diff|도)횡성한우불고기|5,500
PB_diff|핫)추억의햄사라다빵|2,000
PB_diff|면)포모도로스파겥티|3,500
PB_diff|라벨리)브라운슈가밀크티|2,300
PB_diff|즉석)숯불닭꼬치매콤|1,700
PB_diff|참조은)모찌모찌초코|3,000
PB_diff|주)700양념숯불갈비맛|700
PB_diff|주)스팸김치볶음밥바|1,800
PB_diff|도)횡성한우불고기|5,500
PB_diff|한일)메밀소바|3,200
PB_diff|면)크림우동|3,500
PB_diff|파이)대왕바닐라초코바|1,800
PB_diff|면)볶음짬뽕면|3,500
PB_diff|KBO)타이거즈수박P|1,800
PB_diff|샌)버터갈릭치킨샌드|2,300
PB_diff|주)스팸김치볶음밥|1,000
PB_diff|이가)마라볶음면|3,200
PB_diff|NEW맛있는핫도그오리지날(일부지역운영)|1,900
PB_diff|김)스팸김치김밥|2,000
PB_diff|김)1700원조김밥|1,700
PB_diff|참조은)모찌모찌믹스|3,300
PB_diff|삼우)초코모찌바|1,000
PB_diff|튀김)핫찰도그체다치즈|1,800
PB_diff|푸드)리얼모찌롤플레인|3,000
PB_diff|샌)햄치즈크리미토스트|2,200
PB_diff|면)중화냉면|3,900
PB_diff|김)자연인김밥(불어묵)|3,000
PB_diff|면)백종원가락우동|3,000
PB_diff|햄)트리플타워버거|2,500
PB_diff|햄)매콤통살치킨버거|3,500
PB_diff|햄)빅불고기치즈버거|1,500
PB_diff|아이푸드)검은깨라떼바|1,200
PB_diff|삼립)블루베리크레페|3,000
PB_diff|상하)치즈케익블랙벨벳|3,900
PB_diff|아모제)마라족발|7,900
PB_diff|샌)대만식연유샌드|2,000
PB_diff|샌)순삭토스트햄치즈|2,300
PB_diff|샌)NEW케이준치킨샌드|2,300
PB_diff|대두)리얼생초코모찌|1,800
PB_diff|튀김)커리가라아게꼬치|1,500
PB_diff|튀)후라이드치킨|9,900
PB_diff|김)크랩토핑유부초밥|3,500
PB_diff|연세)등교전오트밀우유|1,200
PB_diff|피자)고르곤콘치즈피자|5,900
PB_diff|빙그레)비비빅흑임자바|1,200
PB_diff|아라움)통새우튀김|3,000
PB_diff|푸드)리얼모찌롤초코|3,000
PB_diff|흥양)요구르트프레첼|1,200
PB_diff|푸드)빅민트초코슈|2,000
PB_diff|햄)비프치즈버거|2,500
PB_diff|주)700소고기고추장|700
PB_diff|동화)벡셀에너지캔250ml|1,200
PB_diff|즉석)숯불닭꼬치데리야끼|1,700
PB_diff|롯데)스크류바피치|1,000
PB_diff|대만대왕젤리리치|2,800
PB_diff|미래원)닭가슴살샐러드170g|3,500
PB_diff|피오레)파인애플오믈렛|2,500
PB_diff|행복)훈숙이2입|1,900
PB_diff|팔도)비락식혜바|1,200
PB_diff|주)참치마요&통햄김볶|1,700
PB_diff|김)초밥트리오(우삼겹)|3,300
PB_diff|햄)갈릭떡갈비버거|2,300
PB_diff|푸드)대왕모카빵|2,500
PB_diff|튀김)핫찰도그오리지널|1,500
PB_diff|주)베이컨참치마요|1,000
PB_diff|김)소확행김밥|2,500
PB_diff|주)햄참치김볶Ball주먹밥|1,400
PB_diff|샐)갈릭시저치킨샐러드|3,500
PB_diff|면)트리플치즈파스타|3,900
PB_diff|롯데)게토레이블루340ml|1,400
PB_diff|피오레)쇼콜라생크림케익|3,000
PB_diff|도)건강야채비벼봄|4,000
PB_diff|동학)빅구슬복숭아키위|1,500
PB_diff|샌)에그고소햄샌드위치|2,000
PB_diff|샌)햄참치게맛살샌드위치|2,300
PB_diff|흥양)젤리인젤리리치|1,200
PB_diff|GET즉석HOT아메리카노L|1,200
PB_diff|푸드)고추장삼겹구이115g|4,900
PB_diff|파이)민트초코바|1,800
PB_diff|샐)쉬림프튜나샐러드|3,500
PB_diff|오뚜기)한잔했니버섯마늘|1,600
PB_diff|면)을지로골뱅이비빔면|4,300
PB_diff|오)왕오뎅|800
PB_diff|유라가)초코퐁듀모찌|2,200
PB_diff|김)백종원어묵반반김밥|2,300
PB_diff|롯데)가나밀크초코바|1,800
PB_diff|보승)한컵순대곱창|5,500
PB_diff|피자)페퍼로니피자|5,900
PB_diff|김)춘천식닭갈비김밥|2,200
PB_diff|피오레)로투스크림케익|3,000
PB_diff|피오레)로즈케이크|3,000
PB_diff|롯데)가나민트초코콘|2,000
PB_diff|김)크랩참치|2,000
PB_diff|햄)매콤달콤치즈버거|1,500
PB_diff|KKMC)골드키위1입|2,000
PB_diff|도)백종원한입고기산적|4,900
PB_diff|주)BIG참치마요|1,300
PB_diff|씨엔)당도선별수박|18,000
PB_diff|주)참치마요|900
PB_diff|샌)명란에그샌드위치|2,200
PB_diff|햄)통통불닭다리버거|2,500
PB_diff|파이)깔라만시아이스컵|1,000
PB_diff|워너원)LED선풍기(블랙)|26,900
PB_diff|하림)고소한근위볶음|6,000
PB_diff|핫)페퍼로니피자핫도그[제주]|2,500
PB_diff|커피엔)초코블랑|1,000
PB_diff|롯데)레트로과자선물세트|9,900
PB_diff|주)참치김볶|1,000
PB_diff|도)매콤고등어정식|4,500
PB_diff|주)백종원달콤통돈까스|1,200
PB_diff|도)탐라는닭강정|3,500
PB_diff|샐)손안에두부닭샐러드|3,500
PB_diff|햄)잇츠빅매콤3단바베큐(일부지역운영)|2,500
PB_diff|아모제)마라새우|7,900
PB_diff|튀김)밀크튀김컵|2,000
PB_diff|샌)포테이토샌드위치|2,200
PB_diff|오뚜기)출출양파감자라면|1,600
PB_diff|즉석빵)에그타르트60g|1,200
PB_diff|파이)브라우니빙수|2,500
PB_diff|파이)베리초코바|1,800
PB_diff|롯데)홈메이드브라우니|3,500
PB_diff|백쿡)백종원만능양념장|4,800
PB_diff|풀무원)자떡까르보떡볶이|3,000
PB_diff|나뚜루)스위트해피케이크|23,000
PB_diff|삼양)쫀쫀반반닭강정|5,900
PB_diff|피오레)블랙로즈케이크|3,000
PB_diff|주)BIG불고기전주비빔|1,300
PB_diff|샌)제주뉴햄에그샌드|2,300
PB_diff|샐)치킨찹찹샐러드|3,500
PB_diff|[제주전용]도)탐라는깐풍기|3,500
PB_diff|튀김)순살치킨꼬치|1,500
PB_diff|햄)햄에그통살치킨버거|3,500
PB_diff|햄)퍼펙트게임핫도그|2,000
PB_diff|핫)잇츠빅베이컨핫도그|2,500
PB_diff|길림)LIGHT리얼너츠|1,200
PB_diff|샌)비엘티샌드위치|2,300
PB_diff|튀김)하림순살넓적다리|1,800
PB_diff|[제주전용]도)탐라는고구마치즈까스|3,500
PB_diff|푸드)삼겹살구이200g|6,500
PB_diff|햄)수원왕갈비식치킨버거|2,500
PB_diff|랭커)C타입충전기|13,000
PB_diff|햄)잇츠빅치즈불고기버거|2,300
PB_diff|백쿡)홍콩반점해물육교자|4,500
PB_diff|샐)120칼로리단슈닭샐러드|3,800
PB_diff|샐)손안에파스타샐러드|3,500
PB_diff|피오레)무지개케이크|3,000
PB_diff|어른우유믹스넛츠|1,800
PB_diff|즉석빵)핫치킨피자|5,900
PB_diff|주)전주비빔|900
PB_diff|햄)상하이스파이시치킨|2,000
PB_diff|면)미트토마토파스타|3,900
PB_diff|햄)통통마일드치킨버거|2,500
PB_diff|김)고기듬뿍김치제육김밥|2,200
PB_diff|김)수원왕갈비식김밥|2,300
PB_diff|한만두)화끈한마라만두|2,900
PB_diff|피오레)바나나오믈렛|2,500
PB_diff|샐)블랙페퍼닭가슴살|3,500
PB_diff|샌)부드러운와사비크래미|2,500
PB_diff|유병재)신발에붙이는핫팩|1,500
PB_diff|햄)더블스모키버거|2,200
PB_diff|주)국민집밥소불고기|1,200
PB_diff|샐)에그가먼저닭샐러드|3,500
PB_diff|샌)햄에그샌드위치|2,300
PB_diff|동학)빅구슬콜라에너지|1,500
PB_diff|샌)제주햄참치게맛살샌드|2,300
PB_diff|[제주전용]김)매콤김치제육볶음|2,200
PB_diff|즉석빵)초코타르트60g|1,200
PB_diff|허쉬)딸기초코바|2,000
PB_diff|주)BIG스팸마요|1,300
PB_diff|마루)소유라멘|3,000
PB_diff|코우)복숭아피규어P220ml|2,900
PB_diff|콘치즈소시지그라탕|3,000
PB_diff|햄)뉴불고기플러스버거|1,300
PB_diff|김)안동식찜닭김밥|2,500
PB_diff|주)BIG땡참마요|1,300
PB_diff|샐)The베이컨올리브샐러드|3,800
PB_diff|핫)잇츠빅콘치즈핫도그|2,500
PB_diff|샌)베이컨에그샌드위치|2,500
PB_diff|커피엔)벨기에초코와플|1,500
PB_diff|어른우유검은콩미숫가루|1,800
PB_diff|찐빵도요리다)고추잡채|1,300
PB_diff|샐)고구마그래놀라샐러드|4,800
PB_diff|주)참치김치|1,000
PB_diff|샐)우쥬베리미?샐러드|3,800
PB_diff|즉석빵)불고기피자|5,900
PB_diff|햄)제주더블불고기버거|2,200
PB_diff|샐)샐러드가포도포도해|3,800
PB_diff|지지)자이언트스윗&핫피자|3,300
PB_diff|롯데)고구마케이크|3,000
PB_diff|주)백종원바싹불고기|1,200
PB_diff|애경)고급여행용세트|6,500
PB_diff|햄)하와이안로코모코버거|2,500
PB_diff|햄)더블칠리치즈버거|2,200
PB_diff|빙그레)메로나코코넛|1,000
PB_diff|햄)왕갈비롱버거|2,300
PB_diff|이번엔커피에홍차를넣어봄|2,000
PB_diff|주)치킨마요삼각김밥|1,200
PB_diff|김)명란크랩마요김밥|2,300
PB_diff|오이시)녹차포도P380ml|1,500
PB_diff|푸드)말차소라빵|1,500
PB_diff|연세)방과후초코우유|1,200
PB_diff|즉석빵)콤비네이션피자|5,900
PB_diff|유병재)흔드는핫팩4입번들|3,000
PB_diff|핫)오리지날플레인핫도그[제주]|2,500
PB_diff|아라움)통어포튀김|3,000
PB_diff|팔도)매콤야끼소바라면대|1,500
PB_diff|즉석빵)시나몬롤|1,000
PB_diff|롯데)가나초코아이스230ml|1,200
PB_diff|칸타타)카라멜아이스230ml|1,200
PB_diff|튀김)매콤새우맛바|2,000
PB_diff|CJ)매운숯불갈비맛볶음|1,600
PB_diff|킹스베리|2,500
PB_diff|샐)골든치킨텐더볼샐러드|4,800
PB_diff|18케익)빅모찌롤초코|13,000
PB_diff|샌)스파이시크림치킨샌드|2,200
PB_diff|삼립)미니빠오즈콘치즈|1,500
PB_diff|흥국)히비스커스트로피칼|1,900
PB_diff|동원)콘소메맛스트링치즈|1,200
PB_diff|하림)닭가슴살블랙페퍼|2,900
PB_diff|삼양)불닭맛후랑크|2,000
PB_diff|크라운)못말리는신짱|1,500
PB_diff|고구마)냉동군고구마1kg|1,500
PB_diff|튀김)미니찰도그꼬치|1,800
PB_diff|푸드)꾸덕슈초코|2,500
PB_diff|즉석)오븐구이치킨꼬치|1,700
PB_diff|흥국)자스민망고패션후릇|1,900
PB_diff|푸드)생딸기에클레어|2,300
PB_diff|샐)허니리코타샐러드|3,500
PB_diff|롯데)레밍턴케익초코|3,000
PB_diff|햄)빅바베큐치즈버거|1,500
PB_diff|김)김치즈참치즈|2,300
PB_diff|포르투갈에그타르트|1,500
PB_diff|코우)청포도피규어P220ml|2,900
PB_diff|햄)빅바베큐버거|1,700
PB_diff|샌)제주녹차에그스크램블|2,200
PB_diff|롯데)크런키바월드콘맛|1,200
PB_diff|PB) 불타는짜장|1,400
PB_diff|[제주전용]주)제주햄참치김볶Ball|1,500
PB_diff|HEYROO)샤이루손난로인형|6,000
PB_diff|아라움)통꽃게튀김|3,000
PB_diff|우양)청포도캔디에이드270|1,000
PB_diff|샐)The치킨스테이크샐러드|3,800
PB_diff|튀김)넓적다리오리지널|1,800
PB_diff|시아스)뚝배기만두국밥|3,900
PB_diff|김)참치불고기반반김밥|2,200
PB_diff|본프)삼각샐러드|1,500
PB_diff|씨엔)고창애플수박|7,500
PB_diff|징코)데리갈비범벅빵|2,000
PB_diff|나뚜루)원티드쵸파케익|25,000
PB_diff|햄)잇츠빅3단매콤불고기|2,500
PB_diff|HEYROO헛개꿀물병|1,300
PB_diff|찐빵도요리다)갈비|1,300
PB_diff|한성)어묵소시찌빠|2,000
PB_diff|어른우유헤이즐넛초코|1,800
PB_diff|정식품)한끼두유병190ml|1,400
PB_diff|코코)시크릿쥬쥬피리캔디|1,000
PB_diff|HEYROO가네요키위바나나|2,000
PB_diff|샌)에그스크램블샌드(제주)|2,000
PB_diff|워너원)3단우산|18,000
PB_diff|del)복숭아아이스티|700
PB_diff|즉석빵)쫀득우유찰빵|300
PB_diff|파이)인절미빙수|2,500
PB_diff|롯데푸드)빵빠레바나나|1,800
PB_diff|세양)롱치즈계란말이|5,500
PB_diff|즉석빵)플레인베이글|1,000
PB_diff|할라피뇨크림치즈빵|1,200
PB_diff|푸드)반반모찌롤|3,300
PB_diff|삼립)끼리크림치즈컵케익|3,000
PB_diff|푸드)빅소보로크림슈|2,000
PB_diff|랭커)가정용듀얼충전기|15,000
PB_diff|샌)치즈가찜한닭토스트|2,200
PB_diff|남양)초코에몽아이스|1,200
PB_diff|즉석빵)쵸코칩쿠키|300
PB_diff|GRN)지금부터숙취해소제|5,000
PB_diff|롯데)가나초코캔|1,000
PB_diff|del)꿀배에이드|700
PB_diff|동원)덴마크복숭아녹차|1,200
PB_diff|빙그레)끌레도르블루베리|2,000
PB_diff|어른우유말차|1,800
PB_diff|롯데)밀키스핑크소다250ml|1,100
PB_diff|사조)명란한오징어젓갈|3,000
PB_diff|햄)멕시칸타코버거|2,500
PB_diff|그릴)쟌슨빌치즈소시지|1,500
PB_diff|오뚜기)칼칼한깻잎라면|1,500
PB_diff|샌)소시지에그샌드|2,200
PB_diff|튀김)매콤넓적다리|1,900
PB_diff|주)비빔참치|1,000
PB_diff|아라움)로오옹오지이잉어|4,900
PB_diff|델)파워레인저갤럭시킹|6,500
PB_diff|샐)프로방스치킨샐러드|3,500
PB_diff|튀김)오트밀넓적다리|2,000
PB_diff|샌)치즈에그샌드위치|2,200
PB_diff|롯데)빙빙우유빙수바|1,000
PB_diff|푸드)시원한흑당크림빵|1,500
PB_diff|롯데)레밍턴케익치즈|3,000
PB_diff|즉석빵)치즈피자|5,900
PB_diff|즉석)오븐구이매콤꼬치|1,700
PB_diff|샐)PIG불고기볼샐러드|4,800
PB_diff|히로아카)치즈호빵|1,200
PB_diff|주)통햄참치김볶|1,200
PB_diff|엠치)안티파흐멜린|5,000
PB_diff|햄)그랜드슬램핫도그|2,000
PB_diff|이청용컵면|1,300
PB_diff|삼양)까르보불닭왕교자|3,900
PB_diff|햄)제주매콤통닭다리버거|2,500
PB_diff|보승)자이언트빨간순대|2,600
PB_diff|커피엔)든든왕만쥬|1,000
PB_diff|커피엔)크랜베리쿠키|1,200
PB_diff|햄)자이언트더블불고기(일부지역운영)|1,900
PB_diff|사조)연어강정|3,500
PB_diff|주)춘천식닭갈비|1,000
PB_diff|썬푸드)이카소면|2,500
PB_diff|롯데)미니큐브레드벨벳|3,200
PB_diff|피오레)우유생크림케익|3,000
PB_diff|del)유자에이드|700
PB_diff|도시어부)어부젤리|1,500
PB_diff|도너츠)비스마르크|1,000
PB_diff|즉석빵)듬뿍연유소보로빵|1,200
PB_diff|주)제주베이컨참치마요|1,000
PB_diff|햄)매콤불고기버거|2,500
PB_diff|즉석빵)촉촉한초코칩쿠키|600
PB_diff|도너츠)딸기링도넛|1,000
PB_diff|푸드)단팥듬뿍빵|1,100
PB_diff|본프)일식자숙콩|1,500
PB_diff|포르투갈초코타르트|1,500
PB_diff|롯데푸드)빽초코바나나콘|1,800
PB_diff|푸드)리얼모찌롤딸기|3,300
PB_diff|[제주전용]주)제주소불고기|1,200
PB_diff|빙그레)잇츠라떼바닐라|2,500
PB_diff|아워홈)매콤오븐닭갈비|4,900
PB_diff|동원)보성홍차P500ml|2,200
PB_diff|광동)비타500아이스230ml|1,200
PB_diff|즉석빵)크림치즈프레즐|1,500
PB_diff|즉석빵)쫀득고구마찰빵|300
PB_diff|고)군고구마2000|2,000
PB_diff|즉석)쟌슨빌롱소시지(NEW)|2,000
PB_diff|사조)명란한낙지젓갈|3,000
PB_diff|즉석빵)초코마블데니쉬|1,200
PB_diff|삼진)사각꼬치어묵|1,000
PB_diff|샌)제주백년초계란샌드|2,200
PB_diff|[제주전용]김)매운고추돈불고기|2,200
PB_diff|징코)치즈소보로빵|1,300
PB_diff|찐빵도요리다)고기부추|1,300
PB_diff|롯데)따봉청포도340ml|1,000
PB_diff|샐)케이준치킨샐러드|3,500
PB_diff|HEYROO빅요구르트파인270ml|1,200
PB_diff|끼리냉동)컵치즈케익|2,800
PB_diff|푸드)꾸덕슈커스타드|2,500
PB_diff|마루)나가사키짬뽕|3,000
PB_diff|튀김)쟌슨빌크리스피핫도그|1,800
PB_diff|GET즉석ICED아메리카노(XL) |1,800
PB_diff|흥양)벚꽃프레첼|1,200
PB_diff|햄)아메리칸치즈버거|1,900
PB_diff|삼양)사또밥오징어|4,500
PB_diff|HEYROO가네요리얼딸기210|2,000
PB_diff|햄)카레가츠버거|2,300
PB_diff|동원)덴마크레몬녹차|1,200
PB_diff|푸드)시원한말차크림빵|1,500
PB_diff|오이시)녹차허니레몬P380|1,500
PB_diff|씨엔)참외박스(6입)|9,000
PB_diff|햄)제주왕갈비롱버거|2,300
PB_diff|도시어부)해물짜장대컵|1,500
PB_diff|샌)제주백년초크랩맛살|2,500
PB_diff|[제주전용]도)탐라는치즈함박|3,500
PB_diff|즉석빵)연유크림소보로|1,200
PB_diff|햄)치즈함박스테이크버거|2,300
PB_diff|햄)더블어니언비프버거|2,500
PB_diff|[제주전용]주)제주어니언치킨|1,000
PB_diff|주)제주치킨마요|1,200
PB_diff|del)오렌지라임에이드|700
PB_diff|도너츠)백앙금베터보스톤|1,000
PB_diff|길림)THE리얼너츠|1,200
PB_diff|대두)돼지바찰떡|1,500
PB_diff|샌)제주크랩맛살샌드위치|2,200
PB_diff|씨엔)사과박스(6입)|7,500
PB_diff|모구모구)포도젤리320ml|1,500
PB_diff|샌)참치콘샌드위치(제주)|2,000
PB_diff|풀무원)자떡라볶이|2,500
PB_diff|델)델리만쥬2000|2,000
PB_diff|하이랜드)냉동삼겹살|7,000
PB_diff|하이큐)사우어캔디콜라|1,800
PB_diff|GET콜드브루아메리카노|2,000
PB_diff|제니코)피치초코필링빵|1,000
PB_diff|18케익)고구마케이크|23,000
PB_diff|KKMC)골드키위900g|9,900
PB_diff|[제주전용]주)제주돼지불고기|1,200
PB_diff|삼진)모듬꼬치어묵|1,500
PB_diff|블루드래곤대P|1,000
PB_diff|세양)라면친구계란|450
PB_diff|[제주전용]주)제주매콤참치김치|1,000
PB_diff|씨엔)자두2입|2,000
PB_diff|하림)반마리녹두삼계탕|5,900
PB_diff|HEYROO피규어바나나|2,000
PB_diff|HEYROO)C타입충전케이블|9,000
PB_diff|삼양)불닭왕교자|3,900
PB_diff|18케익)티라미수케이크|23,000
PB_diff|18케익)스키피케이크|25,000
PB_diff|즉석빵)고구마슈크림|1,100
PB_diff|앵그리버드딸기우유250ml|1,500
PB_diff|푸드)고추장삼겹구이200g|6,500
PB_diff|씨엔)당도선별세척사과|1,300
PB_diff|18케익)몽쉘케이크|25,000
PB_diff|푸드냉장)우유크림빅슈|2,000
PB_diff|웅진)하늘보리P340ml|1,000
PB_diff|즉석빵)버터크로와상|900
PB_diff|제니코)피치딸기필링빵|1,000
PB_diff|앵그리버드초코우유250ml|1,500
PB_diff|삼립)미니빠오즈닭갈비|1,500
PB_diff|BT21)KOYA티머니|5,000
PB_diff|참조은)스트로베리모찌|1,300
PB_diff|햄)제주잇츠빅치즈불고기|2,300
PB_diff|즉석빵)망고잼파이|1,000
PB_diff|푸드)수원식왕갈비치킨빵|1,800
PB_diff|리얼딸기초코볼|2,500
PB_diff|스미)슈퍼사이즈바나나1입|1,000
PB_diff|햄)제주갈릭떡갈비버거|2,300
PB_diff|참조은)그린티크림모찌|1,300
PB_diff|즉석빵)바게트피자|2,000
PB_diff|삼양)김치버터볶음면대컵|1,600
PB_diff|GET허쉬뉴초코카페모카30g|600
PB_diff|즉석빵)듬뿍땅콩크림빵|1,200
PB_diff|HEYROO충전아답타|12,000
PB_diff|나뚜루)화이트샤이닝스타|28,000
PB_diff|광동)냉쌍화아이스230ml|1,200
PB_diff|오뚜기)옛날삼계탕900g|10,000
PB_diff|워너원)LED선풍기(화이트)|26,900
PB_diff|[제주전용]주)제주스노우불닭볶음밥|1,200
PB_diff|동원)비타스틱메가우먼스|1,500
PB_diff|나뚜루)롤링온더블록|27,000
PB_diff|[제주전용]주)제주두루치기|1,200
PB_diff|코우)젤리몬스터트로피칼|1,000
PB_diff|아워홈)버터우유식빵2입|500
PB_diff|피오레)딸기미니케익|3,500
PB_diff|나뚜루)라이트업하우스|29,000
PB_diff|튀김)커리닭다리|2,000
PB_diff|GET즉석HOT아메리카노M|1,000
PB_diff|신서유기피규어딸기코코넛|2,000
PB_diff|징코)소세지체다범벅빵|2,000
PB_diff|흥양)벚꽃젤리|1,200
PB_diff|[제주전용]주)제주햄참치마요|1,000
PB_diff|히로아카)떡볶이호빵|1,200
PB_diff|씨엔)세척참외1입|1,300
PB_diff|하이큐)사우어캔디사이다|1,800
PB_diff|하울고)수제간식고구마칩|4,900
PB_diff|징코)폭신크림카스테라|1,300
PB_diff|도시어부)어부밥스낵|1,000
PB_diff|썬푸드)오징어누룽지|2,500
PB_diff|튀김)삼진어묵매콤말이|1,500
PB_diff|썬푸드)바베큐오징어|2,500
PB_diff|즉석빵)군감자통옥수수빵|1,000
PB_diff|징코)마늘연유범벅빵|2,000
PB_diff|푸)우유크림빵|1,100
PB_diff|푸드)초코크림크런치|1,200
PB_diff|도시어부)묵어바어묵바|1,800
PB_diff|삼진)해물네모어묵|1,000
PB_diff|HEYROO피규어커피|2,000
PB_diff|체리200g|5,500
PB_diff|BT21)VAN티머니|5,000
PB_diff|엘지)실속여행용세트|4,500
PB_diff|푸드냉장)크림가득메론빵|1,600
PB_diff|도너츠)스트로베리필드|1,000
PB_diff|도너츠)딸기마카롱도넛|1,000
PB_diff|유병재)흔드는핫팩미니2입|1,000
PB_diff|썬)햇밤두유|1,000
PB_diff|18케익)생크림케이크|23,000
PB_diff|푸드)뉴혼당패스트리|1,000
PB_diff|야쿠)야쿠르트프리미엄|400
PB_diff|웅진)하늘보리P280ml|1,000
PB_diff|즉석빵)메이플피칸파이|1,300
PB_diff|즉석빵)찰호박꽈베기|1,200
PB_diff|코카)텀블러폴라산타|9,900
PB_diff|푸드)초코반달케이크|1,400
PB_diff|치즈믹스넛|1,000
PB_diff|정식품)베지밀검은콩병|1,200
PB_diff|밀감3입(망)|2,000
PB_diff|코카)텀블러폴라베어|9,900
PB_diff|마켄구미포도맛|800
PB_diff|즉석빵)햄패스트리|1,200
PB_diff|HEYROO홍삼꿀물병|1,300
PB_diff|즉석빵)크림빵|1,000
PB_diff|커피엔)스트로베리파이|1,200
PB_diff|튀김)순살넓적다리|1,800
PB_diff|즉석빵)고구마파이|1,300
PB_diff|대두)황금돼지우유앙빵|1,200
PB_diff|하늘녹차소P|1,000
PB_diff|HEYROO종이쇼핑백(중)|1,800
PB_diff|푸드)콩가루주의보|1,500
PB_diff|즉석빵)단팥크로와상|1,200
PB_diff|푸)땅콩크림빵|1,200
PB_diff|즉석빵)쵸코플레인스콘|900
PB_diff|도너츠)블랙필드도넛|1,000
PB_diff|오뗄)자이언트치즈핫도그|1,900
PB_diff|광천김)핑크퐁키즈김|800
PB_diff|렝커)차량용듀얼충전기|12,000
PB_diff|푸드)뜯어먹는밤빵|1,600
PB_diff|즉석빵)베리타르트60g|1,200
PB_diff|그릴)페파맛스모크소시지|1,800
PB_diff|와사비믹스넛|1,000
PB_diff|튀김)치킨무|500
PB_diff|즉석빵)깨찰빵|800
PB_diff|가야)토마토농장P340mL|1,000
PB_diff|즉석빵)스위트크런치|700
PB_diff|도너츠)초코마카롱도넛|1,000
PB_diff|튀김)삼진어묵야채말이|1,500
PB_diff|파이)텔스타축구공바|1,500
PB_diff|아워홈)매콤제육불고기|4,900
PB_diff|하울고)애견토이소세지|5,400
PB_diff|동원)비타스틱메가맨|1,500
PB_diff|삼양)갈릭버터볶음면큰컵|1,600
PB_diff|HEYROO)5,8핀겸용케이블|10,000
PB_diff|도너츠)화이트초코링|700
PB_diff|대상)한입깻잎지60g|3,000
PB_diff|하울고)애견토이김밥|5,400
PB_diff|랭커)멀티탭6구형|18,000
PB_diff|즉석빵)팥앙금패스트리|1,100
PB_diff|BT21)MANG티머니|5,000
PB_diff|워너원)단체티머니화이트|5,000
PB_diff|즉석빵)듬뿍우유크림빵|1,100
PB_diff|담터)벚꽃라떼23g|1,500
PB_diff|도너츠)라즈베리크런키|1,000
PB_diff|씨엔)황도복숭아2입|5,000
PB_diff|우양)자두캔디에이드270ml|1,000
PB_diff|18케익)빅모찌롤티라미수|13,000
PB_diff|피오레)쿠키크림케익|1,200
PB_diff|푸드)콘치즈빵|1,300
PB_diff|가야)알로에농장P340ml|1,000
PB_diff|즉석빵)치즈쿠키|400
PB_diff|즉석빵)피넛버터쿠키|300
PB_diff|피오레)딸기오믈렛|2,500
PB_diff|즉석빵)미니소세지프레즐|500
PB_diff|푸드)리얼모찌롤커피|3,000
PB_diff|일신)푸쉬팝트리플캔디|3,000
PB_diff|푸드)카스타드듬뿍빵|1,000
PB_diff|삼립)한아름밤만쥬|2,300
PB_diff|롯데)달콤딸기젤리케익|3,000
PB_diff|즉석빵)쫀득호떡찰빵|300
PB_diff|하울고)배변봉투|3,400
PB_diff|푸드)뉴땅콩샌드|1,300
PB_diff|도너츠)글레이즈드|1,000
PB_diff|즉석빵)대왕단팥빵|2,300
PB_diff|씨엔)세척천도복숭아|1,300
PB_diff|하울고)수제간식푸실리|4,900
PB_diff|하울고)수제간식져키|4,900
PB_diff|씨엔)백도복숭아2입|5,000
PB_diff|즉석빵)찹쌀떡패스트리|1,300
PB_diff|즉석빵)살구잼파이|1,200
PB_diff|즉석빵)단팥빵|800
PB_diff|마켄구미사이다향|800
PB_diff|BT21)TATA티머니|5,000
PB_diff|BT21)COOKY티머니|5,000
PB_diff|BT21)CHIMMY티머니|5,000
PB_diff|피오레)쿠키머핀2입|1,200
PB_diff|즉석빵)애플크라운|1,200
PB_diff|코우)젤리몬스터깔라만시|1,000
PB_diff|칸타타)아메리카노아이스230ml|1,200
PB_diff|즉석)자이언트통다리(신)|1,800
PB_diff|18케익)가나케이크|25,000
PB_diff|워너원)단체티머니베이지|5,000
PB_diff|하울고)애견토이수박|5,400
PB_diff|즉석빵)앙금가득단팥빵|1,300
PB_diff|마켄구미콜라향|800
PB_diff|HEYROO타포린쇼핑백(특대)|4,500
PB_diff|BT21)SHOOKY티머니|5,000
PB_diff|즉석빵)초코크로와상|1,200
PB_diff|HEYROO아카시아꿀물|1,300
PB_diff|BT21)RJ티머니|5,000
