남양)드링킹요구딸기300ml|1800|1+1
남양)드링킹요구포도300ml|1800|1+1
남양)드링킹요구사과300ml|1800|1+1
해피바스)로즈바디워시|5000|1+1
메디안치석케어치약|4500|1+1
메디안센서티브칫솔|3000|1+1
2080)치약|2900|1+1
2080센서티브미세모|3200|1+1
화이트)탐폰수퍼형8입|4500|1+1
페리오)토탈7치약|3500|1+1
페리오)이지클리닉칫솔|1900|1+1
엘지)샤프란핑크1L|4000|1+1
좋은)오가닉롱라이너18입|4000|1+1
좋은)순면울날대16입N|8900|1+1
좋은)순면울날중18입N|8900|1+1
뉴페브리즈)은은한향370ml|7600|1+1
바디)볼록맞춤울날중4입|1550|1+1
바디)순간흡수울날중4입|1550|1+1
귀애랑)울날O/N12입|8600|1+1
미쟝센)데미지샴푸|12500|1+1
미쟝센)데미지린스|12500|1+1
엘지)테크750g|4800|1+1
코카)조지아블랙캔270ml|2200|1+1
오가니스트)샴푸200ml|6000|1+1
오가니스트)린스200ml|6000|1+1
아이깨끗해)순핸드워시 |5900|1+1
뉴페브리즈)상쾌한향370ml|7600|1+1
코카)조지아라떼캔270ml|2200|1+1
엘라스틴)실크린스400ml|9900|1+1
엘라스틴)실크샴푸400ml|9900|1+1
푸르밀)오곡라떼|1500|1+1
푸르밀)딸기크림치즈라떼|1500|1+1
바디)내몸에순한면대16입|7900|1+1
바디)내몸에순한면중18입|7900|1+1
매일)후룻바이더풋젤리|800|1+1
가그린)뉴레귤러100ml|1900|1+1
갸스비)울트라하드왁스80g|9500|1+1
화이트)무향라이너20입|3700|1+1
크리오)뉴미세모칫솔|2000|1+1
크리오)뉴일반모칫솔|1600|1+1
오랄비)초미세모칫솔|2900|1+1
웅진)결명자차P500ml|1500|1+1
엘라스틴)스프레이200ml|6500|1+1
바디)순한면슈퍼롱3입|3500|1+1
해피바스)당김제로매직폼|11000|1+1
좋은)울날오버14입N|9500|1+1
내몸에순한라이너일반28입|4400|1+1
엘지)순수물티슈70매|3500|1+1
동원)리챔200g|5500|1+1
프링글스)오리지날53g|1500|1+1
프링글스)양파맛53g|1500|1+1
오가니스트)넛츠바디워시|4900|1+1
롯데)2%아쿠아P500ml|1700|1+1
화이트)탐폰레귤러8입|4500|1+1
닥터마밍)아기물티슈20매|2000|1+1
좋은)오가닉슬날중14입|7300|1+1
좋은)오가닉슬날대14입|8400|1+1
비페스타)휴대용클렌징|3800|1+1
오랄비)벨벳잇몸케어|4500|1+1
아이깨끗해)레몬핸드워시|5900|1+1
일신)푸쉬팝캔디|1200|1+1
다우니)퍼퓸블랙1L|9900|1+1
빙그레)슈퍼콘초코|1800|1+1
순수한면)제로순면중16입|8200|1+1
질레트)블루3일회용면도기|750|1+1
롯데)밀키스캔340ml|1400|1+1
온더바디)레몬클렌징폼|4900|1+1
코카)아데스아몬드P210ml|1800|1+1
코카)아데스아몬드초코P|1800|1+1
깨끗한)촉앤감롤티슈24롤|26900|1+1
롯데)펩시콜라캔355ml|1400|1+1
일리윤)세라마이드로션|19900|1+1
프로글라이드뉴실버면도기|17500|1+1
뉴마하3)면도기1up|10900|1+1
밀크티에 딸기를 넣어봄|2000|1+1
밀크티에 초코를 넣어봄|2000|1+1
제니코)팡오쇼콜라|1200|1+1
삼양)튀김쫄면|1400|1+1
롯데)게토레이캔340ml|1400|1+1
HEYROO데일리스무디바나나|1800|1+1
HEYROO데일리스무디메론|1800|1+1
매일)후룻바이더풋딸기|800|1+1
매일)후룻바이더풋포도|800|1+1
서울)헛개로깨초코140ml|1600|1+1
웅진)이온더핏500ml|2000|1+1
빙그레)곤약젤리망고패션|2000|1+1
빙그레)곤약젤리피치자두|2000|1+1
코카)크래프트아메P470ml|2500|1+1
코카)크래프트라떼P470ml|2500|1+1
샤프란)스타일러탈취제|3500|1+1
리엔)크림염색제흑갈색|11900|1+1
코카)목편각배도라지차|1500|1+1
롯데)게토레이블루340ml|1400|1+1
농심)멘토스레인보우|700|2+1
마즈)스키틀즈사워캔디|1000|2+1
나뚜루)녹차미니컵|3900|2+1
나뚜루)녹차바|3900|2+1
나뚜루)딸기미니컵|3900|2+1
나뚜루)바닐라아몬드바|3900|2+1
나뚜루)초코미니컵|3900|2+1
누가바|1000|2+1
해태)부라보바닐라콘|1800|2+1
빙그레)메로나|1000|2+1
빠삐코|1200|2+1
롯데)죠스바|1000|2+1
롯데푸드)CVS구구콘|1800|2+1
롯데)수박바|1000|2+1
비비빅|1000|2+1
해태)쌍쌍바|1000|2+1
CJ)맥스봉치즈50g|1600|2+1
CJ)맛밤80g|3500|2+1
샘표)질러직화육포|5800|2+1
동원)덴마크스트링치즈|1200|2+1
동원)매운고추참치150g|3600|2+1
동원)양반전복죽|3500|2+1
팔도)짬뽕왕뚜껑|1150|2+1
오뚜기)참깨라면컵|1200|2+1
농)너구리큰사발|1600|2+1
오뚜기)스파게티컵|1000|2+1
오뚜기)맛있는밥210g|1550|2+1
동원)양반호박죽|3500|2+1
동서)티오피아메리카노275|2200|2+1
동서)티오피더블랙275ml|2200|2+1
롯데)게토레이레몬캔240ml|950|2+1
롯데)레쓰비카페타임라떼|1000|2+1
코카)스프라이트P500ml|1800|2+1
롯데)밀키스캔250ml|1100|2+1
매)썬업과일야채녹황|1500|2+1
매)썬업과일야채퍼플|1500|2+1
웅진)자연은알로에P500ml|1900|2+1
남양)프렌치카라멜컵|1500|2+1
남양)프렌치카페오레컵|1500|2+1
CJ)컨디션파워병|5000|2+1
남양)프렌치카푸치노컵|1500|2+1
웅진)자연은감귤병180ml|1000|2+1
웅진)오곡누룽지P500ml|1500|2+1
광동)힘찬헛개차P500ml|1600|2+1
남양)17차P500ml|1500|2+1
정식품)베지밀B병|1300|2+1
롯데)칸타타카라멜275ml|2200|2+1
CJ)컨디션헛개수P500ml|2000|2+1
광동)헛개파워병|4500|2+1
남양)맛있는두유스위트병|1300|2+1
매일)바리스타에스프레소|2000|2+1
남양)맛있는두유검은콩병|1300|2+1
동서)티오피마스터라떼275|2200|2+1
푸르밀)카페베네라떼컵|1600|2+1
푸르밀)카페베네모카컵|1600|2+1
롯데)에비앙P500ml|1600|2+1
롯데)레쓰비카페타임아메|1000|2+1
일화)맥콜캔250ml|1200|2+1
매일)바리스타스모키|2000|2+1
코카)태양의마테차P500ml|1400|2+1
동아)모닝케어병100ml|4500|2+1
매일)바리스타모카|2000|2+1
CJ)컨디션헛개수P1L|2500|2+1
파워오투오렌지레몬|2000|2+1
농심)백산수P500ml|950|2+1
남양)프렌치카라멜캔|1000|2+1
남양)프렌치카페오레캔|1000|2+1
동아)모닝케어레이디병100ml|4500|2+1
CJ)컨디션레이디병|5000|2+1
푸르밀)카페베네카라멜컵|1600|2+1
정식품)검은콩베지밀팩|1000|2+1
동아)컨피던스병230ml|1200|2+1
광동)비타500캔240ml|1200|2+1
남양)이오20s135ml|1000|2+1
매일)커피속모카310ml|1500|2+1
매일)커피속마끼아또310ml|1500|2+1
매일)우유속코코아310ml|1500|2+1
매일)우유속딸기|1500|2+1
파)쾌변사과요구르트|1400|2+1
파)쾌변키위요구르트|1400|2+1
파)쾌변포도요구르트|1400|2+1
깨끗한)리필형물티슈30매|1700|2+1
매)썬업과일야채레드|1500|2+1
빙그레)오프룻딸기컵|1900|2+1
해태)바밤바골드|1000|2+1
해태)탱크보이|1200|2+1
해태)폴라포포도|1200|2+1
돼지바|1000|2+1
농심)멘토스포도맛|700|2+1
화이트)시크릿홀울날중4입|1600|2+1
동아)오란씨파인애플캔250|1000|2+1
CJ)숯불닭강정|4800|2+1
CJ숯불바베큐바|3900|2+1
롯데)칸타타아메리카노275|2200|2+1
롯데)핫식스캔250ml|1200|2+1
코카)파워에이드P600ml|2000|2+1
해태)레몬에이드P350|1600|2+1
롯데푸드)빵빠레초코|1800|2+1
진주햄)천하장사50g|1500|2+1
한성)몬스터후랑크|1800|2+1
농심)새우탕큰사발|1150|2+1
동학)빅구슬복숭아키위|1500|2+1
농심)튀김우동소컵|900|2+1
농심)오징어짬뽕소컵|900|2+1
귀애랑)울날중4입|2000|2+1
농심)김치큰사발|1150|2+1
남양)프렌치에스프레소250|2000|2+1
동아)데자와밀크티캔|1300|2+1
팔도)비락식혜P500ml|1800|2+1
CJ)비비고썰은배추김치60g|1000|2+1
농심)오징어짬뽕큰사발|1600|2+1
CJ)맥스봉불닭구이후랑크|2000|2+1
리스테린)그린티100ml|1900|2+1
CJ)인삼한뿌리병|4000|2+1
롯데)트레비레몬P500ml|1600|2+1
롯데)트레비라임P500ml|1600|2+1
남양)프렌치카라멜컵250|2000|2+1
남양)프렌치모카컵250|2000|2+1
마즈)스니커즈픽앤믹스|500|2+1
CJ)햇반210g|1800|2+1
뉴트로지나)딥클렌징폼|8500|2+1
리스테린)쿨민트100ml|1900|2+1
롯데)후라보노오리지널|1000|2+1
롯데)후라보노레이디|1000|2+1
삼양사)상쾌환|2900|2+1
본죽)전복버섯죽|3900|2+1
해태)스위티블루에이드P|1600|2+1
롯데)설레임밀크쉐이크|1800|2+1
롯데)더블비얀코210ml|1800|2+1
빙그레)더위사냥액티브|1200|2+1
남양)초코에몽250ml|1300|2+1
CJ)맥스봉숯불갈비후랑크|2000|2+1
해태)썬키스트자몽소다P|1500|2+1
서울)흰우유밀크랩180ml|950|2+1
롯데)의성마늘무안양파2입|3300|2+1
롯데)게토레이레몬P600ml|2000|2+1
롯데)스크류바|1000|2+1
롯데)월드콘|1800|2+1
농심)사천짜파게티큰사발|1500|2+1
오뚜기)라면볶이컵|1000|2+1
해태)영진구론산150ml|1000|2+1
대상)종가집맛김치200g|2300|2+1
대상)리얼군밤츄100g|3500|2+1
해태)고향만두415g|4500|2+1
CJ)컵반미역국밥|3500|2+1
롯데)제주감귤P500ml|1700|2+1
남양)초코에몽캔200ml|1000|2+1
마즈)엠앤엠즈픽앤믹스|500|2+1
CJ)워터젤리포도170ml|1800|2+1
오뚜기)진짬뽕|1500|2+1
동아)모닝케어강황캔100ml|5000|2+1
롯데)키세스밀크52g|2000|2+1
롯데)키세스아몬드52g|2000|2+1
CJ)컵반강된장보리비빔밥|3500|2+1
CJ)비비고찐만두168g|3200|2+1
CJ)컵반직화볶음짜장덮밥|3500|2+1
매일)바이오드링킹딸기|1700|2+1
매일)바이오드링킹플레인|1700|2+1
남양)프렌치카페믹스20T|4700|2+1
하겐)그린티아몬드바|4200|2+1
하겐)바닐라카라멜바|4200|2+1
하겐)스트로베리크림바|4200|2+1
광동)야왕차P500ml|2000|2+1
광동)옥수수수염P1L|1900|2+1
매일)바리스타드립라떼325|2500|2+1
매일)바리스타블랙컵325|2500|2+1
코카)토레타P500ml|1800|2+1
오뚜기)전복죽285g|3500|2+1
롯데푸드)빵빠레바닐라|1800|2+1
좋은)울날중4입N|1800|2+1
롯데)목까지시원한배500ml|1700|2+1
동서)콜롬비아나라떼캔240|1200|2+1
동서)콜롬비아나아메캔240|1200|2+1
하겐)그린티미니컵|4200|2+1
하겐)초코미니컵|4200|2+1
하겐)딸기미니컵|4200|2+1
하겐)바닐라미니컵|4200|2+1
허쉬)초코앤쿠키콘|2500|2+1
CJ)비비고찐만두청양고추|3200|2+1
동원)야채참치150g|3600|2+1
CJ)컵반콩나물국밥|3500|2+1
롯데)칸타타콜드브루275ml|2200|2+1
삼양)간짬뽕컵|1350|2+1
남양)프렌치돌체라떼컵250|2000|2+1
동원)얼라이브자몽250ml|1500|2+1
동원)얼라이브망고250ml|1500|2+1
정화)오징어땅콩좋아해대|4700|2+1
썬푸드)오잉|4500|2+1
존슨즈)베이비오일|6000|2+1
동원)상상비프앤치즈40g|4800|2+1
빙그레)끌레도르쿠키크림|2000|2+1
코카)토레타캔240ml|1200|2+1
코카)미닛청포도스파클링|1200|2+1
매일)바이오드링킹블루250|1700|2+1
매일)바리스타바닐라빈325|2500|2+1
동원)김치찌개참치150g|3600|2+1
동원)양반참치죽|3500|2+1
동원)양반쇠고기죽|3500|2+1
동원)양반야채죽|3500|2+1
일화)초정탄산수P500ml|1400|2+1
허쉬)쿠키앤크림콘|2500|2+1
CJ)컵반중화마파두부덮밥|3500|2+1
CJ)맥스봉청양고추후랑크|1900|2+1
CJ)맥스봉오리지날후랑크|1900|2+1
동서)레드불캔355ml|2900|2+1
동아)오란씨깔라만시캔|1000|2+1
동서)콜롬비아나블랙캔240|1200|2+1
롯데)죠스바젤리|1200|2+1
빙그레)끌레도르바닐라바|2000|2+1
CJ)컵반고추장제육덮밥|3500|2+1
롯데)칠성스트롱사이다P400ml|1700|2+1
코카)콜드브루아메리카265|2500|2+1
코카)콜드브루카페라떼265|2500|2+1
크라운)포켓몬몬스터볼|4000|2+1
CJ)워터젤리사과170ML|1800|2+1
CJ)워터젤리복숭아170ML|1800|2+1
동서)리츠크래커80g|1500|2+1
농심)감자깡75g|1500|2+1
오리온)무뚝뚝감자칩|1500|2+1
농심)포테토칩60g|1500|2+1
크라운)화이트하임142g|3300|2+1
롯데)치토스스모키바베큐|1500|2+1
동서)리츠치즈샌드96g|1900|2+1
해태)버터링쿠키|1500|2+1
크라운)카라멜콘메이플74g|1500|2+1
롯데)롯데샌드오리지날105|1500|2+1
크라운)쵸코하임142g|3300|2+1
해태)초코픽|1500|2+1
오리온)도도한나쵸치즈92g|1500|2+1
크라운)콘초|1200|2+1
롯데)치토스매콤달콤한맛|1500|2+1
롯데)몽쉘크림케이크6입|3000|2+1
롯데)칙촉|2400|2+1
롯데)빠다코코낫100g|1500|2+1
롯데)꼬깔콘고소한맛67g|1500|2+1
롯데)제크오리지널100g|1500|2+1
롯데)몽쉘카카오케이크6입|3000|2+1
해태)에이스|1500|2+1
농심)오징어집83g|1500|2+1
해태)초코홈런볼46g|1500|2+1
롯데)꼬깔콘매콤달콤|1500|2+1
롯데)꼬깔콘군옥수수맛|1500|2+1
CJ)비비고배추김치용기50g|1000|2+1
코카)미닛사과스파클링캔345|1200|2+1
푸르밀)바나나킥우유300ml|1500|2+1
매일)바리스타카라멜컵|2000|2+1
일동)카카오닙스차P500ml|1700|2+1
롯데)거꾸로수박바|1000|2+1
오뚜기)영양닭죽285g|3200|2+1
매일)아몬드브리즈바나나190ml|1200|2+1
매일)아몬드브리즈초콜릿190ml|1200|2+1
동아)데자와밀크티P500ml|2000|2+1
롯데푸드)돼지콘|1800|2+1
썬푸드)타코야끼맛오징어|2500|2+1
매일)아몬드브리즈190ml|1000|2+1
켈로그)첵스초코컵|1500|2+1
연세)마카다미아초코190ml|1000|2+1
파이)그린티초코바|1800|2+1
동원)참치크래커고소한맛|3300|2+1
동원)양반밤단팥죽|3500|2+1
동서)홀스XS멘토립터스|1500|2+1
동서)홀스XS레몬민트|1500|2+1
오뚜기)떠먹는컵피자콤비네이션|3800|2+1
오뚜기)떠먹는컵피자트리플햄|3800|2+1
하림)매콤한무뼈닭발|6000|2+1
롯데)마늘앤에센뽀득2입|3300|2+1
오뚜기)컵밥톡톡김치알밥|3500|2+1
동원)보성말차P500ml|2200|2+1
매일)소화가잘되는우유190|1000|2+1
연세)런닝맨사과190ml|1000|2+1
연세)런닝맨블루베리190ml|1000|2+1
CJ)비비고김치볶음80g|1400|2+1
푸르밀)초코바나나킥우유300ml|1500|2+1
오뚜기)소시지야채볶음|4800|2+1
사조)스노우크랩킹140g|3100|2+1
동원)덴마크딸기딸기|1500|2+1
동원)덴마크초코초코|1500|2+1
동원)덴마크커피커피|1500|2+1
동원)네스퀵초코드링크|1000|2+1
파이)베리초코바|1800|2+1
CJ)컵반불고기덮밥|3500|2+1
오뚜기)컵밥불닭마요덮밥|3500|2+1
CJ)맥스봉갈릭후랑크|2000|2+1
서울)바나나우유200ml|950|2+1
오뚜기)새송이쇠고기죽|3200|2+1
서울)아침에주스포도210ml|1200|2+1
코카)미닛스파클복숭아캔|1200|2+1
빙그레)끌레도르크림치즈|2000|2+1
서울)아침에주스오렌지210|1200|2+1
CJ)쁘띠첼복숭아160g|1800|2+1
CJ)쁘띠첼포도160g|1800|2+1
돌)스위티오파인애플바|2000|2+1
하겐)쿠키앤크림바|4200|2+1
오뚜기)진짜쫄면|1600|2+1
크라운)키커바트윈녹차맛|1200|2+1
돌)스위티오바나나바|2000|2+1
오뚜기)컵밥참치마요덮밥|3500|2+1
웅진)장쾌삼홍삼력병85ml|3900|2+1
동화)벡셀에너지캔250ml|1200|2+1
동원)상상안심육포|4800|2+1
오리온)후라보노쿨민트|800|2+1
오리온)후라보노스윗민트|800|2+1
라네이처)울날대10입|7200|2+1
라네이처)울날중12입|7200|2+1
동원)심야식당간장닭강정|6900|2+1
CJ)컵반낙지콩나물비빔밥|4500|2+1
동원)자연산골뱅이140g|5000|2+1
빙그레)메로나튜브|1200|2+1
대상)순창고추장육포|3500|2+1
파이)민트초코바|1800|2+1
롯데)도리토스갈비천왕|1500|2+1
대상)불고기브라더스육포|3500|2+1
매일)바이오드링킹사과250|1700|2+1
본죽)보양삼계죽|3900|2+1
롯데)따봉제주감귤340ml|1000|2+1
롯데)프로틴오트바|1200|2+1
롯데)식이섬유오트바|1200|2+1
나뚜루)트리플치즈쿠키컵|3900|2+1
동원)지중해황도410g|2900|2+1
동원)더킹랍스터맛140g|2900|2+1
롯데)칠성로어슈거캔250ml|1400|2+1
갸스비)헤어스프레이180g|8500|2+1
롯데)스크류바피치|1000|2+1
썬푸드)구운한치|2500|2+1
썬푸드)구운전갱이|2500|2+1
GRN)지금부터숙취해소제|5000|2+1
농심)포테토칩콘치즈|1500|2+1
롯데)롱에센뽀득프랑크|2300|2+1
태경)돼지김치찜|4900|2+1
동원)리얼킹치즈후랑크|2000|2+1
오뚜기)컵밥부대찌개밥|3500|2+1
해태)오사쯔1500|1500|2+1
CJ)컵반볶은김치덮밥|3500|2+1
CJ)컵반스팸마요덮밥|4500|2+1
오뚜기)육개장컵|1000|2+1
오뚜기)새우탕면컵|1000|2+1
삼양사)상쾌환3입기획팩|8500|2+1
오뚜기)한잔했니버섯마늘|1600|2+1
오리온)그래놀라바무화과|1200|2+1
오리온)그래놀라바검은콩|1200|2+1
오리온)그래놀라바단호박|1200|2+1
오뚜기)컵밥버터장조림|3500|2+1
서울)초코우유300ml|1500|2+1
서울)딸기우유300ml|1500|2+1
서울)커피300ml|1500|2+1
롯데)제주말차라떼230ml|2000|2+1
오뚜기)출출양파감자라면|1600|2+1
빙그레)잇츠라떼연유|2500|2+1
켈로그)콘푸로스트컵|1500|2+1
태경)우거지뼈해장국|4900|2+1
오뚜기)김치면대컵|1000|2+1
오뚜기)튀김우동대컵|1000|2+1
CJ)비비고소고기죽|4900|2+1
CJ)비비고전복죽|4900|2+1
코카)미닛플라워벚꽃사과|1500|2+1
해태)평창수프리미엄500ml|950|2+1
롯데)레쓰비연유240ml|1200|2+1
롯데)레쓰비솔트240ml|1200|2+1
CJ)컨디션환|2900|2+1
오리온)아이셔젤리레몬|1200|2+1
오리온)아이셔젤리블루|1200|2+1
롯데)청포도젤리|1200|2+1
롯데)핫식스더킹파워355ml|2000|2+1
롯데)핫식스더킹펀치355ml|2000|2+1
동원)커핑로드카페봉봉|2500|2+1
동원)커핑에스프레소라떼|2500|2+1
매일)상하유기농멸균200ml|1500|2+1
매일)상하유기농저지방200|1500|2+1
매일)우유속에망고310ml|1500|2+1
롯데)마시는오트밀그레인|2000|2+1
롯데)마시는오트밀단호박|2000|2+1
장수)리얼깔라만시200ml|2500|2+1
도시어부)묵어바어묵바|1800|2+1
롯데)곤약애빠지다자몽|2000|2+1
빙그레)비비빅흑임자바|1200|2+1
썬푸드)오잉스틱|2500|2+1
썬푸드)이카소면|2500|2+1
고려은단)허니유자비타민C|1200|2+1
해태)버터링콘|2000|2+1
크라운)콘딸바|1200|2+1
켈로그)크런치넛에너지바|1200|2+1
롯데푸드)아맛나콘|1800|2+1
동학)빅구슬아이스사과|1500|2+1
사조)한입에꼬치바|2000|2+1
해태)얼초블록만들기|3000|2+1
롯데푸드)별난바|1000|2+1
엠치)안티파흐멜린|5000|2+1
사할리)피스타치오|3900|2+1
사할리)메이플피칸|3900|2+1
썬푸드)고소한구운한치|4500|2+1
동서)심플리라떼360ml|2400|2+1
동서)심플리블랙360ml|2400|2+1
서울)복숭아우유300ml|1500|2+1
롯데)가나비얀코오렌지|1800|2+1
해태)자가비허브솔트맛|1500|2+1
삼립)BR체리쥬빌레망고|1500|2+1
삼립)BR레인보우샤베트|1500|2+1
세양)1등급구운란4입|3200|2+1
연세)등교전오트밀우유|1200|2+1
연세)방과후초코우유|1200|2+1
해태)쌍쌍바피치베리|1000|2+1
동원)함박눈꽃치즈25g|1000|2+1
진주햄)콘앤스윗치즈45g|1600|2+1
동원)양반들기름김|600|2+1
롯데)멀티V스파클링500ml|1700|2+1
코카)스프라이트캔355ml|1500|2+1
농심)포테토칩육개장사발|1500|2+1
빙그레)떡붕어싸만코|1800|2+1
빙그레)부드러운빵또아|1800|2+1
롯데)와수박|2000|2+1
로투스)비스코프바|2000|2+1
롯데)요랄라스파클링340ml|1400|2+1
롯데)밀키스핑크소다250ml|1100|2+1
동원)덴마크레몬녹차|1200|2+1
동원)덴마크복숭아녹차|1200|2+1
동원)콩카페코코넛라떼|2000|2+1
동원)콩카페연유라떼|2000|2+1
빙그레)메로나코코넛|1000|2+1
롯데)수박바젤리|1200|2+1
롯데)젤리퐁당피치코코|2000|2+1
롯데)젤리퐁당망고코코|2000|2+1
하겐)바닐라카라멜콘|4200|2+1
하겐)초코아몬드콘|4200|2+1
로투스)비스코프콘|2500|2+1
CJ)맥스봉마늘핫바|2000|2+1
농심)콘치즈면컵|1600|2+1
오뚜기)짜장면|1000|2+1
마즈)스니커즈다크|1200|2+1
롯데)한끼스무디250ml|1500|2+1
사조)한입피자콤비네이션|1900|2+1
사조)한입피자고르곤졸라|1900|2+1
오뚜기)오감포차칠리새우|8900|2+1
나뚜루)밀크앤쿠키바|3900|2+1
롯데)도리토스나쵸치즈|1500|2+1
롯데)크런키바돼지바맛|1200|2+1
빙그레)쥬시쿨사과에이드|1500|2+1
빙그레)쥬시쿨감귤에이드|1500|2+1
동원)얼라이브오렌지250ml|1500|2+1
하이트)진로토닉워터300ml|1200|2+1
하이트)토닉워터깔라만시P|1200|2+1
리스테린)쿨민트마일드100|1900|2+1
빙그레)끌레도르블루베리|2000|2+1
본죽)황제해물죽|3900|2+1
롯데)칙촉티라미수|2400|2+1
롯데)가나민트초코콘|2000|2+1
롯데)칸타타땅콩크림275ml|2200|2+1
매일)바리스타로슈거|2000|2+1
오뚜기)카레부어스트|4800|2+1
오뚜기)컵밥설렁탕국밥|3500|2+1
삼양)쫄볶이불닭볶음면컵|1600|2+1
커피엔)든든왕만쥬|1000|2+1
커피엔)초코블랑|1000|2+1
커피엔)벨기에초코와플|1500|2+1
돌)푸루푸루구미망고|2000|2+1
돌)푸루푸루구미멜론|2000|2+1
롯데)꼬깔콘버팔로윙맛|1500|2+1
서울)아이마이밀오트밀크|2000|2+1
하림)고소한근위볶음|6000|2+1
CJ)맛고구마60g|3500|2+1
크라운)꿀땅콩듬뿍카라멜|1500|2+1
해태)티라미수홈런볼46g|1500|2+1
해태)고향만두치즈갈비|2900|2+1
롯데)롤리팝라인피규어|2500|2+1
크라운)죠리팡뮤즐리40g|1500|2+1
나뚜루)제주녹차콘|3800|2+1
CJ)히비스커스P500ml|2000|2+1
빙그레)잇츠라떼카라멜|2500|2+1
동원)콘소메맛스트링치즈|1200|2+1
남양)프렌치바닐라크림250|2000|2+1
빙그레)잇츠라떼바닐라|2500|2+1
롯데)꼬깔콘달콤한맛|1500|2+1
진주햄)천하장사빅70g|1900|2+1
롯데)사각사각복숭아340ml|1400|2+1
오뚜기)컵밥궁중갈비찜|5000|2+1
존슨즈)베이비화이트로션N|6000|2+1
코카)커피코카콜라캔250ml|1500|2+1
롯데)라인프렌즈젤리|500|2+1
롯데)인투더망고바|1800|2+1
허쉬)초코아이스|1500|2+1
롯데)데일리씨아트워터P|1700|2+1
오리온)닥터유젤리복숭아|1500|2+1
오리온)닥터유젤리포도|1500|2+1
아이푸드)검은깨라떼바|1200|2+1
한성)몬스터크랩레그120g|3000|2+1
롯데)의성마늘프랑크빅90g|2000|2+1
동원)상상버터오징어|4700|2+1
동원)상상화끈오징어|4700|2+1
CJ)컵반치킨마요덮밥|4500|2+1
CJ)컵반닭곰탕밥|4500|2+1
정식품)한끼두유병190ml|1400|2+1
롯데푸드)빵빠레바나나|1800|2+1
롯데)따봉청포도340ml|1000|2+1
삼립)크림치즈미니샌드5입|1600|2+1
나뚜루)녹차스트롱파인트|13900|2+1
사조)육즙에빠져바|2000|2+1
대상)돌산갓김치90g|2300|2+1
CJ)비비고전복죽용기|4200|2+1
CJ)비비고소고기죽용기|3900|2+1
CJ)비비고야채죽용기|3900|2+1
동원)커핑모카라떼300ml|2500|2+1
남양)어떻게치즈를마시니 |1600|2+1
롯데)크런키바월드콘맛|1200|2+1
롯데)말랑카우소프트콘|1800|2+1
오뚜기)와사비진짜쫄면|1600|2+1
롯데)ABC초코쿠키50g|1000|2+1
동원)리얼로스트랍스터맛|3500|2+1
사할리)허니아몬드|3900|2+1
CJ)비비고닭백숙죽용기|3900|2+1
CJ)컵반설렁탕밥|4500|2+1
오뚜기)컵밥소시지카레|3500|2+1
썬푸드)바베큐오징어|2500|2+1
썬푸드)오징어누룽지|2500|2+1
동원)보성홍차P500ml|2200|2+1
농심)멘토스콜라맛|700|2+1
해태)얼초동물그리기|3000|2+1
롯데)가나밀크초코바|1800|2+1
에버)오리지널직화육포|3500|2+1
에버)마라직화육포|3500|2+1
광동)돼지감자차P500ml|1600|2+1
푸르밀)아이리시커피240ml|2000|2+1
푸르밀)인디언밥우유|1500|2+1
롯데)모구모구피치아이스|1200|2+1
하림)닭가슴살오리지널|2900|2+1
하림)닭가슴살블랙페퍼|2900|2+1
CJ)맥스봉치즈어랏40g|1600|2+1
마그)해보삼|3900|2+1
롯데)곤약애빠지다청포도|2000|2+1
고려은단)스파클링비타민C|1200|2+1
오뚜기)짜장볶이|1000|2+1
마즈)시저쇠고기|1900|3+1
마즈)시저쇠고기닭고기|1900|3+1
농심)신라면건면|1000|3+1
